{
  "Seattle": {
    "pearson_correlation": 0.13547569768015044,
    "r_squared": 0.018353664661923518
  },
  "New York": {
    "pearson_correlation": 0.8229958976228412,
    "r_squared": 0.6773222475040261
  },
  "Phoenix": {
    "pearson_correlation": 0.6791393938379691,
    "r_squared": 0.4612303162626041
  },
  "Houston": {
    "pearson_correlation": 0.5491584991501584,
    "r_squared": 0.30157505718885447
  },
  "Chicago": {
    "pearson_correlation": 0.649929880824128,
    "r_squared": 0.42240884998806516
  }
}