{
  "overall_demand_mwh_mean": 129135.29426433916,
  "overall_demand_mwh_std": 137456.6434439536,
  "overall_tmax_f_mean": 86.84634760705289,
  "overall_tmin_f_mean": 68.11838790931989,
  "demand_by_city": {
    "Chicago": 349432.2658227848,
    "Houston": 220491.8780487805,
    "New York": 60469.08974358974,
    "Phoenix": 14619.172839506173,
    "Seattle": 2432.4444444444443
  },
  "demand_weekday_vs_weekend": {
    "Weekday": 130367.47703180212,
    "Weekend": 126180.14406779662
  }
}