{
  "overall_demand_mwh_mean": 120708.26277372263,
  "overall_demand_mwh_std": 129691.62768368272,
  "overall_tmax_f_mean": 83.99756690997567,
  "overall_tmin_f_mean": 65.14355231143553,
  "demand_by_city": {
    "Chicago": 328206.125,
    "Houston": 208325.92857142858,
    "New York": 56073.135802469136,
    "Phoenix": 13392.638554216868,
    "Seattle": 2430.3012048192772
  },
  "demand_weekday_vs_weekend": {
    "Weekday": 122321.92491467576,
    "Weekend": 116701.45762711864
  }
}