{
  "Chicago": 349432.2658227848,
  "Houston": 220491.8780487805,
  "New York": 60469.08974358974,
  "Phoenix": 14619.172839506173,
  "Seattle": 2432.4444444444443
}