{
  "Chicago": 327187.3209876543,
  "Houston": 208325.92857142858,
  "New York": 56073.135802469136,
  "Phoenix": 13392.638554216868,
  "Seattle": 2430.3012048192772
}